<?xml version="1.0" encoding="UTF-8" standalone="no" ?>
<Application>

  <Header>
    <Version val="14060.00"/>
    <WithIsn val="Y"/>
    <_InternalTask val="N"/>
    <IsRoot val="N"/>
    <InIndex val="N"/>
    <UniqueISNConvState val="12"/>
  </Header>

  <ProgramsRepository>
    <Programs>
      <Task MainProgram="N">
        <Header Description="map_1_2_2" ISN_2="1" LastIsn="2" id="2">
          <Public val="map_1_2_2"/>
          <ExecutionRight comp="-1"/>
          <Resident val="N"/>
          <SQL val="N"/>
          <ReturnValue>
            <ReturnValueAttr/>
            <ParametersAttributes/>
          </ReturnValue>
          <SqlWhereExist val="N"/>
          <TaskType val="B"/>
          <External val="Y"/>
          <Offline val="N"/>
          <DotNetObjectExists val="N"/>
          <LastModified _date="739426" _time="57407" date="24/06/2025" time="15:56:47"/>
        </Header>
        <ItemIsn val="1"/>
        <Resource>
          <Columns>
            <Column id="1" name="2_Destination_DataBlob">
              <PropertyList model="FIELD">
                <Model attr_obj="FIELD_BLOB" id="1"/>
                <StoredAs id="173" val="29"/>
                <Size id="174" val="28"/>
                <Definition id="175" val="2"/>
                <_FieldStyle id="276" val="1"/>
                <Content id="434" val="3"/>
              </PropertyList>
            </Column>
          </Columns>
        </Resource>
        <Information>
          <Key>
            <Mode val="N"/>
          </Key>
          <DB comp="-1"/>
          <Sort>
            <CLS val="A"/>
          </Sort>
          <ForceRecordDelete DEL="N"/>
          <EndTaskCondition val="Y"/>
          <EvaluateEndCondition val="A"/>
          <InitialMode val="M"/>
          <Locate Direction="A"/>
          <Range Direction="A"/>
          <VarRange/>
          <TaskProperties>
            <SelectionTable val="N"/>
            <ConfirmUpdate CNFU="N"/>
            <ConfirmCancel val="N"/>
            <ErrorStrategy val="R"/>
            <LockingStrategy val="M"/>
            <CacheStrategy val="T"/>
            <ForceRecordSuffix val="N"/>
            <TransactionMode val="P"/>
            <TransactionBegin val="N"/>
            <PreloadView val="N"/>
            <AllowEmptyDataview val="N"/>
            <KeepCreatedContext val="N"/>
          </TaskProperties>
          <SIDE_WIN>
            <AllowOptions val="N"/>
            <AllowQuery val="Y"/>
            <AllowModify val="Y"/>
            <AllowCreate val="Y"/>
            <AllowDelete val="Y"/>
            <AllowLocate val="Y"/>
            <AllowRange val="Y"/>
            <AllowIndexChange val="Y"/>
            <AllowSorting val="Y"/>
            <AllowIOFiles val="Y"/>
            <RecordCycle val="Y"/>
            <AllowEvents val="Y"/>
            <AllowIndexOptimization val="Y"/>
            <AllowLocationInQuery val="Y"/>
            <AllowPrintingData val="N"/>
          </SIDE_WIN>
          <WIN>
            <OpenTaskWindow val="N"/>
            <CloseTaskWindow val="Y"/>
            <ForegroundWindow val="Y"/>
            <FlipFld val="N"/>
            <RefreshTaskWindow ReturnValue="N"/>
          </WIN>
          <BOX>
            <Direction val="V"/>
          </BOX>
        </Information>
        <TaskLogic>
          <LogicUnit id="4" propagate="78">
            <Level val="R"/>
            <Type val="M"/>
            <Scope val="S"/>
            <EngineDirective val="S"/>
            <ShowMessage val="Y"/>
            <Condition val="89"/>
            <Event>
              <EventType val="S"/>
            </Event>
            <Expanded val="1"/>
            <LogicLines>
              <LogicLine>
                <DATAVIEW_SRC FlowIsn="2" Type="M">
                  <Condition val="N"/>
                  <Modifier val="B"/>
                  <Direction val="C"/>
                </DATAVIEW_SRC>
              </LogicLine>
              <LogicLine>
                <Select FieldID="1" FlowIsn="3" id="1">
                  <Column val="1"/>
                  <Type val="V"/>
                  <ExposedToRoute val="N"/>
                  <IsParameter val="N"/>
                  <DIFF_UPDATE val="T"/>
                  <Condition val="Y"/>
                  <Modifier val="S"/>
                  <Direction val="C"/>
                </Select>
              </LogicLine>
              <LogicLine>
                <Remark FlowIsn="4">
                  <Type val="0"/>
                  <Text val=" "/>
                </Remark>
              </LogicLine>
            </LogicLines>
          </LogicUnit>
          <LogicUnit id="4" propagate="78">
            <Level val="R"/>
            <Type val="S"/>
            <Scope val="S"/>
            <EngineDirective val="S"/>
            <ShowMessage val="Y"/>
            <Condition val="89"/>
            <Event>
              <EventType val="S"/>
            </Event>
            <Expanded val="1"/>
            <LogicLines>
              <LogicLine>
                <Evaluate FlowIsn="5">
                  <Expression val="1"/>
                  <Condition val="Y"/>
                  <Modifier val="B"/>
                  <Direction val="C"/>
                </Evaluate>
              </LogicLine>
              <LogicLine>
                <Remark FlowIsn="6">
                  <Type val="2"/>
                  <Text val=" "/>
                </Remark>
              </LogicLine>
              <LogicLine>
                <Remark FlowIsn="7">
                  <Type val="2"/>
                  <Text val="********  BeginTask-1********"/>
                </Remark>
              </LogicLine>
              <LogicLine>
                <Remark FlowIsn="8">
                  <Type val="2"/>
                  <Text val=" "/>
                </Remark>
              </LogicLine>
              <LogicLine>
                <Remark FlowIsn="9">
                  <Type val="2"/>
                  <Text val=" Before CallTask"/>
                </Remark>
              </LogicLine>
              <LogicLine>
                <Remark FlowIsn="10">
                  <Type val="2"/>
                  <Text val="******** Begin Iniput of schema ********"/>
                </Remark>
              </LogicLine>
              <LogicLine>
                <Evaluate FlowIsn="11">
                  <Expression val="2"/>
                  <Condition val="Y"/>
                  <Modifier val="B"/>
                  <Direction val="C"/>
                </Evaluate>
              </LogicLine>
              <LogicLine>
                <Remark FlowIsn="12">
                  <Type val="2"/>
                  <Text val="******** End Iniput of schema ********"/>
                </Remark>
              </LogicLine>
              <LogicLine>
                <Remark FlowIsn="13">
                  <Type val="2"/>
                  <Text val=" "/>
                </Remark>
              </LogicLine>
              <LogicLine>
                <RaiseEvent FlowIsn="14">
                  <Event>
                    <EventType val="P"/>
                    <Exp val="4"/>
                  </Event>
                  <Wait val="89"/>
                  <Arguments>
                    <Argument>
                      <Expression val="5"/>
                      <Skip val="N"/>
                    </Argument>
                  </Arguments>
                  <Condition Exp="3"/>
                  <Modifier val="S"/>
                  <Direction val="C"/>
                </RaiseEvent>
              </LogicLine>
              <LogicLine>
                <Evaluate FlowIsn="15">
                  <Expression val="6"/>
                  <Condition val="Y"/>
                  <Modifier val="B"/>
                  <Direction val="C"/>
                </Evaluate>
              </LogicLine>
              <LogicLine>
                <Evaluate FlowIsn="16">
                  <Expression val="7"/>
                  <Condition val="Y"/>
                  <Modifier val="B"/>
                  <Direction val="C"/>
                </Evaluate>
              </LogicLine>
              <LogicLine>
                <RaiseEvent FlowIsn="17">
                  <Event>
                    <EventType val="P"/>
                    <Exp val="9"/>
                  </Event>
                  <Wait val="89"/>
                  <Arguments>
                    <Argument>
                      <Expression val="10"/>
                      <Skip val="N"/>
                    </Argument>
                  </Arguments>
                  <Condition Exp="8"/>
                  <Modifier val="S"/>
                  <Direction val="C"/>
                </RaiseEvent>
              </LogicLine>
              <LogicLine>
                <Remark FlowIsn="18">
                  <Type val="2"/>
                  <Text val="------------------------------"/>
                </Remark>
              </LogicLine>
              <LogicLine>
                <Remark FlowIsn="19">
                  <Type val="2"/>
                  <Text val="CallTask"/>
                </Remark>
              </LogicLine>
              <LogicLine>
                <Evaluate FlowIsn="20">
                  <Expression val="12"/>
                  <Condition Exp="11"/>
                  <Modifier val="B"/>
                  <Direction val="C"/>
                </Evaluate>
              </LogicLine>
              <LogicLine>
                <Evaluate FlowIsn="21">
                  <Expression val="13"/>
                  <Condition val="Y"/>
                  <Modifier val="B"/>
                  <Direction val="C"/>
                </Evaluate>
              </LogicLine>
              <LogicLine>
                <CallTask FlowIsn="22">
                  <OperationType val="T"/>
                  <Event>
                    <EventType val="N"/>
                  </Event>
                  <TaskID comp="-1" obj="2"/>
                  <Lock val="N"/>
                  <Wait val="Y"/>
                  <SyncData val="N"/>
                  <RetainFocus val="N"/>
                  <Condition val="Y"/>
                  <Modifier val="S"/>
                  <Direction val="C"/>
                </CallTask>
              </LogicLine>
              <LogicLine>
                <Remark FlowIsn="23">
                  <Type val="2"/>
                  <Text val="------------------------------"/>
                </Remark>
              </LogicLine>
              <LogicLine>
                <Evaluate FlowIsn="24">
                  <Expression val="14"/>
                  <Condition val="Y"/>
                  <Modifier val="B"/>
                  <Direction val="C"/>
                </Evaluate>
              </LogicLine>
              <LogicLine>
                <Remark FlowIsn="25">
                  <Type val="2"/>
                  <Text val=" After CallTask"/>
                </Remark>
              </LogicLine>
              <LogicLine>
                <Evaluate FlowIsn="26">
                  <Expression val="15"/>
                  <Condition val="Y"/>
                  <Modifier val="B"/>
                  <Direction val="C"/>
                </Evaluate>
              </LogicLine>
              <LogicLine>
                <Remark FlowIsn="27">
                  <Type val="2"/>
                  <Text val="------------------------------"/>
                </Remark>
              </LogicLine>
              <LogicLine>
                <Remark FlowIsn="28">
                  <Type val="2"/>
                  <Text val=" "/>
                </Remark>
              </LogicLine>
              <LogicLine>
                <Remark FlowIsn="29">
                  <Type val="2"/>
                  <Text val="********  EndTask-1********"/>
                </Remark>
              </LogicLine>
              <LogicLine>
                <Remark FlowIsn="30">
                  <Type val="2"/>
                  <Text val=" "/>
                </Remark>
              </LogicLine>
              <LogicLine>
                <Remark FlowIsn="31">
                  <Type val="2"/>
                  <Text val=" "/>
                </Remark>
              </LogicLine>
              <LogicLine>
                <Evaluate FlowIsn="32">
                  <Expression val="36"/>
                  <Condition Exp="35"/>
                  <Modifier val="B"/>
                  <Direction val="C"/>
                </Evaluate>
              </LogicLine>
            </LogicLines>
          </LogicUnit>
          <LogicUnit id="4" propagate="78">
            <Level val="R"/>
            <Type val="P"/>
            <Scope val="S"/>
            <EngineDirective val="S"/>
            <ShowMessage val="Y"/>
            <Condition val="89"/>
            <Event>
              <EventType val="S"/>
            </Event>
            <Expanded val="1"/>
          </LogicUnit>
          <LogicUnit id="4" propagate="78">
            <Level val="T"/>
            <Type val="P"/>
            <Scope val="S"/>
            <EngineDirective val="S"/>
            <ShowMessage val="Y"/>
            <Condition val="89"/>
            <Event>
              <EventType val="S"/>
            </Event>
            <Expanded val="1"/>
          </LogicUnit>
          <LogicUnit id="4" propagate="78">
            <Level val="T"/>
            <Type val="S"/>
            <Scope val="S"/>
            <EngineDirective val="S"/>
            <ShowMessage val="Y"/>
            <Condition val="89"/>
            <Event>
              <EventType val="S"/>
            </Event>
            <Expanded val="1"/>
          </LogicUnit>
          <LogicUnit id="4" propagate="78">
            <Level val="F"/>
            <Type val="U"/>
            <Scope val="S"/>
            <EngineDirective val="I"/>
            <ShowMessage val="Y"/>
            <Condition val="89"/>
            <Event>
              <EventType val="F"/>
            </Event>
            <TXT val="GetSqlStmt"/>
            <Expanded val="1"/>
            <LogicLines>
              <LogicLine>
                <Evaluate FlowIsn="33">
                  <Expression val="16"/>
                  <Condition Exp="17"/>
                  <Modifier val="B"/>
                  <Direction val="C"/>
                </Evaluate>
              </LogicLine>
            </LogicLines>
          </LogicUnit>
          <LogicUnit id="4" propagate="78">
            <Level val="H"/>
            <Type val="U"/>
            <Scope val="S"/>
            <EngineDirective val="I"/>
            <ShowMessage val="Y"/>
            <Condition val="89"/>
            <Event>
              <EventType val="U"/>
              <PublicObject comp="-1" obj="1"/>
            </Event>
            <Expanded val="1"/>
            <LogicLines>
              <LogicLine>
                <Evaluate FlowIsn="34">
                  <Expression val="19"/>
                  <Condition val="Y"/>
                  <Modifier val="B"/>
                  <Direction val="C"/>
                </Evaluate>
              </LogicLine>
              <LogicLine>
                <RaiseEvent FlowIsn="35">
                  <Event>
                    <EventType val="P"/>
                    <Exp val="20"/>
                  </Event>
                  <Wait val="89"/>
                  <Condition val="Y"/>
                  <Modifier val="S"/>
                  <Direction val="C"/>
                </RaiseEvent>
              </LogicLine>
            </LogicLines>
          </LogicUnit>
          <LogicUnit id="4" propagate="78">
            <Level val="H"/>
            <Type val="U"/>
            <Scope val="S"/>
            <EngineDirective val="I"/>
            <ShowMessage val="Y"/>
            <Condition val="89"/>
            <Event>
              <EventType val="U"/>
              <PublicObject comp="-1" obj="2"/>
            </Event>
            <Expanded val="1"/>
            <LogicLines>
              <LogicLine>
                <RaiseEvent FlowIsn="36">
                  <Event>
                    <EventType val="P"/>
                    <Exp val="21"/>
                  </Event>
                  <Wait val="89"/>
                  <Arguments>
                    <Argument>
                      <Expression val="22"/>
                      <Skip val="N"/>
                    </Argument>
                    <Argument>
                      <Expression val="23"/>
                      <Skip val="N"/>
                    </Argument>
                  </Arguments>
                  <Condition val="Y"/>
                  <Modifier val="S"/>
                  <Direction val="C"/>
                </RaiseEvent>
              </LogicLine>
              <LogicLine>
                <Evaluate FlowIsn="37">
                  <Expression val="24"/>
                  <Condition val="Y"/>
                  <Modifier val="B"/>
                  <Direction val="C"/>
                </Evaluate>
              </LogicLine>
              <LogicLine>
                <Evaluate FlowIsn="38">
                  <Expression val="25"/>
                  <Condition val="Y"/>
                  <Modifier val="B"/>
                  <Direction val="C"/>
                </Evaluate>
              </LogicLine>
              <LogicLine>
                <RaiseEvent FlowIsn="39">
                  <Event>
                    <EventType val="U"/>
                    <PublicObject comp="-1" obj="1"/>
                  </Event>
                  <Wait val="89"/>
                  <Condition val="Y"/>
                  <Modifier val="B"/>
                  <Direction val="C"/>
                </RaiseEvent>
              </LogicLine>
            </LogicLines>
          </LogicUnit>
          <LogicUnit id="4" propagate="78">
            <Level val="H"/>
            <Type val="U"/>
            <Scope val="S"/>
            <EngineDirective val="I"/>
            <ShowMessage val="Y"/>
            <Condition val="89"/>
            <Event>
              <EventType val="U"/>
              <PublicObject comp="-1" obj="3"/>
            </Event>
            <Expanded val="1"/>
            <LogicLines>
              <LogicLine>
                <Evaluate FlowIsn="40">
                  <Expression val="27"/>
                  <Condition Exp="26"/>
                  <Modifier val="B"/>
                  <Direction val="C"/>
                </Evaluate>
              </LogicLine>
              <LogicLine>
                <RaiseEvent FlowIsn="41">
                  <Event>
                    <EventType val="U"/>
                    <PublicObject comp="-1" obj="2"/>
                  </Event>
                  <Wait val="89"/>
                  <Condition Exp="18"/>
                  <Modifier val="B"/>
                  <Direction val="C"/>
                </RaiseEvent>
              </LogicLine>
            </LogicLines>
          </LogicUnit>
          <LogicUnit id="4" propagate="78">
            <Level val="H"/>
            <Type val="U"/>
            <Scope val="S"/>
            <EngineDirective val="I"/>
            <ShowMessage val="Y"/>
            <Condition val="89"/>
            <Event>
              <EventType val="R"/>
              <ErrorTrigger val="1"/>
            </Event>
            <Expanded val="1"/>
            <LogicLines>
              <LogicLine>
                <Evaluate FlowIsn="42">
                  <Expression val="28"/>
                  <Condition val="Y"/>
                  <Modifier val="B"/>
                  <Direction val="C"/>
                </Evaluate>
              </LogicLine>
              <LogicLine>
                <Evaluate FlowIsn="43">
                  <Expression val="16"/>
                  <Condition Exp="17"/>
                  <Modifier val="B"/>
                  <Direction val="C"/>
                </Evaluate>
              </LogicLine>
              <LogicLine>
                <Evaluate FlowIsn="44">
                  <Expression val="29"/>
                  <Condition val="Y"/>
                  <Modifier val="B"/>
                  <Direction val="C"/>
                </Evaluate>
              </LogicLine>
              <LogicLine>
                <RaiseEvent FlowIsn="45">
                  <Event>
                    <EventType val="U"/>
                    <PublicObject comp="-1" obj="3"/>
                  </Event>
                  <Wait val="89"/>
                  <Condition val="Y"/>
                  <Modifier val="B"/>
                  <Direction val="C"/>
                </RaiseEvent>
              </LogicLine>
            </LogicLines>
          </LogicUnit>
          <LogicUnit id="4" propagate="78">
            <Level val="H"/>
            <Type val="U"/>
            <Scope val="S"/>
            <EngineDirective val="I"/>
            <ShowMessage val="Y"/>
            <Condition val="89"/>
            <Event>
              <EventType val="R"/>
              <ErrorTrigger val="2"/>
            </Event>
            <Expanded val="1"/>
            <LogicLines>
              <LogicLine>
                <Evaluate FlowIsn="46">
                  <Expression val="28"/>
                  <Condition val="Y"/>
                  <Modifier val="B"/>
                  <Direction val="C"/>
                </Evaluate>
              </LogicLine>
              <LogicLine>
                <Evaluate FlowIsn="47">
                  <Expression val="16"/>
                  <Condition Exp="17"/>
                  <Modifier val="B"/>
                  <Direction val="C"/>
                </Evaluate>
              </LogicLine>
              <LogicLine>
                <Evaluate FlowIsn="48">
                  <Expression val="30"/>
                  <Condition val="Y"/>
                  <Modifier val="B"/>
                  <Direction val="C"/>
                </Evaluate>
              </LogicLine>
              <LogicLine>
                <RaiseEvent FlowIsn="49">
                  <Event>
                    <EventType val="U"/>
                    <PublicObject comp="-1" obj="3"/>
                  </Event>
                  <Wait val="89"/>
                  <Condition val="Y"/>
                  <Modifier val="B"/>
                  <Direction val="C"/>
                </RaiseEvent>
              </LogicLine>
            </LogicLines>
          </LogicUnit>
          <LogicUnit id="4" propagate="78">
            <Level val="H"/>
            <Type val="U"/>
            <Scope val="S"/>
            <EngineDirective val="I"/>
            <ShowMessage val="Y"/>
            <Condition val="89"/>
            <Event>
              <EventType val="R"/>
              <ErrorTrigger val="3"/>
            </Event>
            <Expanded val="1"/>
            <LogicLines>
              <LogicLine>
                <Evaluate FlowIsn="50">
                  <Expression val="28"/>
                  <Condition val="Y"/>
                  <Modifier val="B"/>
                  <Direction val="C"/>
                </Evaluate>
              </LogicLine>
              <LogicLine>
                <Evaluate FlowIsn="51">
                  <Expression val="16"/>
                  <Condition Exp="17"/>
                  <Modifier val="B"/>
                  <Direction val="C"/>
                </Evaluate>
              </LogicLine>
              <LogicLine>
                <Evaluate FlowIsn="52">
                  <Expression val="31"/>
                  <Condition val="Y"/>
                  <Modifier val="B"/>
                  <Direction val="C"/>
                </Evaluate>
              </LogicLine>
              <LogicLine>
                <RaiseEvent FlowIsn="53">
                  <Event>
                    <EventType val="U"/>
                    <PublicObject comp="-1" obj="3"/>
                  </Event>
                  <Wait val="89"/>
                  <Condition val="Y"/>
                  <Modifier val="B"/>
                  <Direction val="C"/>
                </RaiseEvent>
              </LogicLine>
            </LogicLines>
          </LogicUnit>
          <LogicUnit id="4" propagate="78">
            <Level val="H"/>
            <Type val="U"/>
            <Scope val="S"/>
            <EngineDirective val="I"/>
            <ShowMessage val="Y"/>
            <Condition val="89"/>
            <Event>
              <EventType val="R"/>
              <ErrorTrigger val="7"/>
            </Event>
            <Expanded val="1"/>
            <LogicLines>
              <LogicLine>
                <Evaluate FlowIsn="54">
                  <Expression val="28"/>
                  <Condition val="Y"/>
                  <Modifier val="B"/>
                  <Direction val="C"/>
                </Evaluate>
              </LogicLine>
              <LogicLine>
                <Evaluate FlowIsn="55">
                  <Expression val="16"/>
                  <Condition Exp="17"/>
                  <Modifier val="B"/>
                  <Direction val="C"/>
                </Evaluate>
              </LogicLine>
              <LogicLine>
                <Evaluate FlowIsn="56">
                  <Expression val="32"/>
                  <Condition val="Y"/>
                  <Modifier val="B"/>
                  <Direction val="C"/>
                </Evaluate>
              </LogicLine>
              <LogicLine>
                <RaiseEvent FlowIsn="57">
                  <Event>
                    <EventType val="U"/>
                    <PublicObject comp="-1" obj="3"/>
                  </Event>
                  <Wait val="89"/>
                  <Condition val="Y"/>
                  <Modifier val="B"/>
                  <Direction val="C"/>
                </RaiseEvent>
              </LogicLine>
            </LogicLines>
          </LogicUnit>
          <LogicUnit id="4" propagate="78">
            <Level val="H"/>
            <Type val="U"/>
            <Scope val="S"/>
            <EngineDirective val="I"/>
            <ShowMessage val="Y"/>
            <Condition val="89"/>
            <Event>
              <EventType val="R"/>
              <ErrorTrigger val="8"/>
            </Event>
            <Expanded val="1"/>
            <LogicLines>
              <LogicLine>
                <Evaluate FlowIsn="58">
                  <Expression val="28"/>
                  <Condition val="Y"/>
                  <Modifier val="B"/>
                  <Direction val="C"/>
                </Evaluate>
              </LogicLine>
              <LogicLine>
                <Evaluate FlowIsn="59">
                  <Expression val="16"/>
                  <Condition Exp="17"/>
                  <Modifier val="B"/>
                  <Direction val="C"/>
                </Evaluate>
              </LogicLine>
              <LogicLine>
                <Evaluate FlowIsn="60">
                  <Expression val="33"/>
                  <Condition val="Y"/>
                  <Modifier val="B"/>
                  <Direction val="C"/>
                </Evaluate>
              </LogicLine>
              <LogicLine>
                <RaiseEvent FlowIsn="61">
                  <Event>
                    <EventType val="U"/>
                    <PublicObject comp="-1" obj="3"/>
                  </Event>
                  <Wait val="89"/>
                  <Condition val="Y"/>
                  <Modifier val="B"/>
                  <Direction val="C"/>
                </RaiseEvent>
              </LogicLine>
            </LogicLines>
          </LogicUnit>
          <LogicUnit id="4" propagate="78">
            <Level val="H"/>
            <Type val="U"/>
            <Scope val="S"/>
            <EngineDirective val="I"/>
            <ShowMessage val="Y"/>
            <Condition val="89"/>
            <Event>
              <EventType val="U"/>
              <PublicObject comp="-1" obj="4"/>
            </Event>
            <Expanded val="1"/>
            <LogicLines>
              <LogicLine>
                <Evaluate FlowIsn="62">
                  <Expression val="34"/>
                  <Condition val="Y"/>
                  <Modifier val="B"/>
                  <Direction val="C"/>
                </Evaluate>
              </LogicLine>
            </LogicLines>
          </LogicUnit>
        </TaskLogic>
        <TaskForms>
          <FormEntry _last_test_id="1" id="1">
            <PropertyList model="FORM_GUI0">
              <Width id="23"/>
              <Height id="24"/>
              <_Comment id="218"/>
              <FormName id="311" valUnicode="Empty Program"/>
            </PropertyList>
          </FormEntry>
        </TaskForms>
        <Expressions>
          <Expression id="1">
            <ExpSyntax val="SetParam('xmlErr',' ')"/>
            <ExpAttribute val="B"/>
          </Expression>
          <Expression id="2">
            <ExpSyntax val="INIPut (TranslateNR('[MAGIC_DATABASES]SourceDB_1_2_2_1 =* DBMS,21, %Database_1_db%, ,%Database_1_server%,  ,%Database_1_user%, '&amp;SharedValGet('IBDatabase_1_pass')&amp;', NoMagicRecordLock, DontChangeFileInToolkit, NoCheckDefinition, NoCheckKey, NoFileLocks,  SQLBLOB=%sql_blobsize%, , NoCheckExist, 0, %Database_1_db%, NoAS400SrvrSort,'),'FALSE'LOG)"/>
            <ExpAttribute val="B"/>
          </Expression>
          <Expression id="3">
            <ExpSyntax val="SharedValGet('IBDebugMapper')='TRUE'LOG"/>
            <ExpAttribute val="B"/>
          </Expression>
          <Expression id="4">
            <ExpSyntax val="'MainWriteLog'"/>
            <ExpAttribute val="A"/>
          </Expression>
          <Expression id="5">
            <ExpSyntax val="TranslateNR('SourceDB_1_2_2_1. Trying to connect, MS-SQL,DB=%Database_1_db%,Server=%Database_1_server%, User=%Database_1_user%,Pass=**********')"/>
            <ExpAttribute val="A"/>
          </Expression>
          <Expression id="6">
            <ExpSyntax val="SetParam('IB_SqlDBName','SourceDB_1_2_2_1')"/>
            <ExpAttribute val="B"/>
          </Expression>
          <Expression id="7">
            <ExpSyntax val="GetSqlStmt()"/>
            <ExpAttribute val="*"/>
          </Expression>
          <Expression id="8">
            <ExpSyntax val="SharedValGet('IBDebugMapper')='TRUE'LOG"/>
            <ExpAttribute val="B"/>
          </Expression>
          <Expression id="9">
            <ExpSyntax val="'MainWriteLog'"/>
            <ExpAttribute val="A"/>
          </Expression>
          <Expression id="10">
            <ExpSyntax val="GetParam('IB_SqlStmt')"/>
            <ExpAttribute val="*"/>
          </Expression>
          <Expression id="11">
            <ExpSyntax val="GetParam('Error')&lt;>0"/>
            <ExpAttribute val="B"/>
          </Expression>
          <Expression id="12">
            <ExpSyntax val="SetParam('MapperLastErrorCode',GetParam('Error'))"/>
            <ExpAttribute val="B"/>
          </Expression>
          <Expression id="13">
            <ExpSyntax val="SetParam('Error',0)"/>
            <ExpAttribute val="B"/>
          </Expression>
          <Expression id="14">
            <ExpSyntax val="SetParam('xpi_SourceJsonIsNotWellFormed',NULL())"/>
            <ExpAttribute val="B"/>
          </Expression>
          <Expression id="15">
            <ExpSyntax val="SetParam ('C.UserBlob',{0,1})"/>
            <ExpAttribute val="B"/>
          </Expression>
          <Expression id="16">
            <ExpSyntax val="SetParam('IB_SqlStmt',TranslateNR('SELECT [employee].[empid],[employee].[name],[employee].[salary],[employee].[designation] FROM dbo.[employee]' &amp; ' WHERE [employee].[empid]=111'))"/>
            <ExpAttribute val="B"/>
          </Expression>
          <Expression id="17">
            <ExpSyntax val="GetParam('IB_SqlDBName')= 'SourceDB_1_2_2_1'"/>
            <ExpAttribute val="B"/>
          </Expression>
          <Expression id="18">
            <ExpSyntax val="IF (NOT(ISNULL(GetParam('IB_SqlDBIsJDBC'))) AND GetParam('IB_SqlDBIsJDBC'),GetParam('IB_SqlDBJDBCName') = 'SourceDB_1_2_2_1',ErrDatabaseName () = 'SourceDB_1_2_2_1')"/>
            <ExpAttribute val="B"/>
          </Expression>
          <Expression id="19">
            <ExpSyntax val="SetParam('IB_SqlDBName',IF (NOT(ISNULL(GetParam('IB_SqlDBIsJDBC'))) AND GetParam('IB_SqlDBIsJDBC'),GetParam('IB_SqlDBJDBCName'),ErrDatabaseName()))"/>
            <ExpAttribute val="B"/>
          </Expression>
          <Expression id="20">
            <ExpSyntax val="'MainDBError'"/>
            <ExpAttribute val="A"/>
          </Expression>
          <Expression id="21">
            <ExpSyntax val="'MainMap_InitiVars'"/>
            <ExpAttribute val="A"/>
          </Expression>
          <Expression id="22">
            <ExpSyntax val="0"/>
            <ExpAttribute val="N"/>
          </Expression>
          <Expression id="23">
            <ExpSyntax val="0"/>
            <ExpAttribute val="N"/>
          </Expression>
          <Expression id="24">
            <ExpSyntax val="SetParam('ErrBPID',0)"/>
            <ExpAttribute val="B"/>
          </Expression>
          <Expression id="25">
            <ExpSyntax val="SetParam('ErrFlowID',0)"/>
            <ExpAttribute val="B"/>
          </Expression>
          <Expression id="26">
            <ExpSyntax val="GetParam('Error')>=9801 AND GetParam('Error')&lt;=9805"/>
            <ExpAttribute val="B"/>
          </Expression>
          <Expression id="27">
            <ExpSyntax val="SetParam ('C.sys.ErrorDescription', MlsTrans (ErrDbmsMessage ()))"/>
            <ExpAttribute val="B"/>
          </Expression>
          <Expression id="28">
            <ExpSyntax val="SetParam('IB_SqlDBName',IF (NOT(ISNULL(GetParam('IB_SqlDBIsJDBC'))) AND GetParam('IB_SqlDBIsJDBC'),GetParam('IB_SqlDBJDBCName'),ErrDatabaseName()))"/>
            <ExpAttribute val="B"/>
          </Expression>
          <Expression id="29">
            <ExpSyntax val="SetParam('Error',9801)"/>
            <ExpAttribute val="B"/>
          </Expression>
          <Expression id="30">
            <ExpSyntax val="SetParam('Error',9802)"/>
            <ExpAttribute val="B"/>
          </Expression>
          <Expression id="31">
            <ExpSyntax val="SetParam('Error',9803)"/>
            <ExpAttribute val="B"/>
          </Expression>
          <Expression id="32">
            <ExpSyntax val="SetParam('Error',9804)"/>
            <ExpAttribute val="B"/>
          </Expression>
          <Expression id="33">
            <ExpSyntax val="SetParam('Error',9805)"/>
            <ExpAttribute val="B"/>
          </Expression>
          <Expression id="34">
            <ExpSyntax val="Rollback('FALSE'LOG,0)"/>
            <ExpAttribute val="B"/>
          </Expression>
          <Expression id="35">
            <ExpSyntax val="GetParam('xmlErr')&lt;>''"/>
            <ExpAttribute val="B"/>
          </Expression>
          <Expression id="36">
            <ExpSyntax val="SetParam('C.sys.LastErrorInfo',GetParam('xmlErr'))"/>
            <ExpAttribute val="B"/>
          </Expression>
        </Expressions>
        <EVNT DESC="Errors" FORCE_EXIT="N" id="1">
          <Event>
            <EventType val="N"/>
          </Event>
        </EVNT>
        <EVNT DESC="Err_1" FORCE_EXIT="N" id="2">
          <Event>
            <EventType val="N"/>
          </Event>
        </EVNT>
        <EVNT DESC="EachError" FORCE_EXIT="N" id="3">
          <Event>
            <EventType val="N"/>
          </Event>
        </EVNT>
        <EVNT DESC="ibRollback" FORCE_EXIT="N" id="4">
          <Event>
            <EventType val="N"/>
          </Event>
        </EVNT>
        <Task MainProgram="N">
          <Header Description="FlatFile_2" ISN_2="2" id="2">
            <ExecutionRight comp="-1"/>
            <Resident val="N"/>
            <SQL val="Y"/>
            <ReturnValue>
              <ReturnValueAttr/>
              <ParametersAttributes/>
            </ReturnValue>
            <SqlWhereExist val="N"/>
            <TaskType val="B"/>
            <External val="Y"/>
            <DotNetObjectExists val="N"/>
            <LastModified _date="739426" _time="57407" date="24/06/2025" time="15:56:47"/>
          </Header>
          <ItemIsn val="8"/>
          <Resource>
            <IO FieldID="1" Parent="1" id="1">
              <Description val="I/O-FlatFile_Write"/>
              <Format val="L"/>
              <Media val="V"/>
              <Access val="W"/>
              <Vis2LogTranslation val="N"/>
              <FlipLines val="N"/>
            </IO>
            <Columns>
              <Column id="1" name="S_1_COLUMN_1">
                <PropertyList model="FIELD">
                  <Model attr_obj="FIELD_NUMERIC" id="1"/>
                  <Picture id="157" valUnicode="N10"/>
                  <StoredAs id="173" val="4"/>
                  <Size id="174" val="4"/>
                  <Definition id="175" val="2"/>
                  <Type id="179" val="INTEGER"/>
                  <_Dec id="181"/>
                  <_Whole id="182" val="10"/>
                  <_Negative id="192" val="Y"/>
                  <_FieldStyle id="276" val="1"/>
                </PropertyList>
              </Column>
              <Column id="2" name="S_1_COLUMN_2">
                <PropertyList model="FIELD">
                  <Model attr_obj="FIELD_UNICODE" id="1"/>
                  <Picture id="157" valUnicode="50"/>
                  <StoredAs id="173" val="32"/>
                  <Size id="174" val="100"/>
                  <Definition id="175" val="2"/>
                  <Type id="179" val="NVARCHAR"/>
                  <_FieldStyle id="276" val="1"/>
                </PropertyList>
              </Column>
              <Column id="3" name="S_1_COLUMN_3">
                <PropertyList model="FIELD">
                  <Model attr_obj="FIELD_UNICODE" id="1"/>
                  <Picture id="157" valUnicode="50"/>
                  <StoredAs id="173" val="32"/>
                  <Size id="174" val="100"/>
                  <Definition id="175" val="2"/>
                  <Type id="179" val="NVARCHAR"/>
                  <_FieldStyle id="276" val="1"/>
                </PropertyList>
              </Column>
              <Column id="4" name="S_1_COLUMN_4">
                <PropertyList model="FIELD">
                  <Model attr_obj="FIELD_UNICODE" id="1"/>
                  <Picture id="157" valUnicode="50"/>
                  <StoredAs id="173" val="32"/>
                  <Size id="174" val="100"/>
                  <Definition id="175" val="2"/>
                  <Type id="179" val="NVARCHAR"/>
                  <_FieldStyle id="276" val="1"/>
                </PropertyList>
              </Column>
              <Column id="5" name="D_2_empid">
                <PropertyList model="FIELD">
                  <Model attr_obj="FIELD_NUMERIC" id="1"/>
                  <Picture id="157" valUnicode="12"/>
                  <StoredAs id="173" val="6"/>
                  <Size id="174" val="8"/>
                  <Definition id="175" val="2"/>
                  <_Dec id="181"/>
                  <_Whole id="182" val="12"/>
                  <_Negative id="192"/>
                  <_FieldStyle id="276" val="1"/>
                </PropertyList>
              </Column>
              <Column id="6" name="D_2_Name">
                <PropertyList model="FIELD">
                  <Model attr_obj="FIELD_ALPHA" id="1"/>
                  <Picture id="157" valUnicode="30"/>
                  <StoredAs id="173" val="1"/>
                  <Size id="174" val="30"/>
                  <Definition id="175" val="2"/>
                  <_Flip id="194"/>
                  <_FieldStyle id="276" val="1"/>
                </PropertyList>
              </Column>
              <Column id="7" name="D_2_salary">
                <PropertyList model="FIELD">
                  <Model attr_obj="FIELD_ALPHA" id="1"/>
                  <Picture id="157" valUnicode="30"/>
                  <StoredAs id="173" val="1"/>
                  <Size id="174" val="30"/>
                  <Definition id="175" val="2"/>
                  <_Flip id="194"/>
                  <_FieldStyle id="276" val="1"/>
                </PropertyList>
              </Column>
              <Column id="8" name="D_2_designation">
                <PropertyList model="FIELD">
                  <Model attr_obj="FIELD_ALPHA" id="1"/>
                  <Picture id="157" valUnicode="30"/>
                  <StoredAs id="173" val="1"/>
                  <Size id="174" val="30"/>
                  <Definition id="175" val="2"/>
                  <_Flip id="194"/>
                  <_FieldStyle id="276" val="1"/>
                </PropertyList>
              </Column>
            </Columns>
          </Resource>
          <Information>
            <Key>
              <Mode val="N"/>
            </Key>
            <DB comp="-1"/>
            <Sort>
              <CLS val="A"/>
            </Sort>
            <ForceRecordDelete DEL="N"/>
            <EndTaskCondition Exp="1"/>
            <EvaluateEndCondition val="A"/>
            <InitialMode val="M"/>
            <Locate Direction="A"/>
            <Range Direction="A"/>
            <VarRange/>
            <TaskProperties>
              <SelectionTable val="N"/>
              <ConfirmUpdate CNFU="N"/>
              <ConfirmCancel val="N"/>
              <ErrorStrategy val="R"/>
              <LockingStrategy val="M"/>
              <CacheStrategy val="T"/>
              <ForceRecordSuffix val="N"/>
              <TransactionMode val="P"/>
              <TransactionBegin val="N"/>
              <PreloadView val="N"/>
              <AllowEmptyDataview val="N"/>
              <KeepCreatedContext val="N"/>
            </TaskProperties>
            <SIDE_WIN>
              <AllowOptions val="N"/>
              <AllowQuery val="Y"/>
              <AllowModify val="Y"/>
              <AllowCreate val="Y"/>
              <AllowDelete val="Y"/>
              <AllowLocate val="Y"/>
              <AllowRange val="Y"/>
              <AllowIndexChange val="Y"/>
              <AllowSorting val="Y"/>
              <AllowIOFiles val="Y"/>
              <RecordCycle val="Y"/>
              <AllowEvents val="Y"/>
              <AllowIndexOptimization val="Y"/>
              <AllowLocationInQuery val="Y"/>
              <AllowPrintingData val="N"/>
            </SIDE_WIN>
            <WIN>
              <OpenTaskWindow val="N"/>
              <CloseTaskWindow val="Y"/>
              <ForegroundWindow val="Y"/>
              <FlipFld val="N"/>
              <RefreshTaskWindow ReturnValue="N"/>
            </WIN>
            <BOX>
              <Direction val="V"/>
            </BOX>
          </Information>
          <SQL_FORM DB="SourceDB_1_2_2_1" RESTAB="Memory">
            <SQL_STMT_U val=":1,:2,:3,:4 :5"/>
            <INARG>
              <Arguments>
                <Argument>
                  <Exp val="2"/>
                </Argument>
                <Argument>
                  <Exp val="3"/>
                </Argument>
                <Argument>
                  <Exp val="4"/>
                </Argument>
                <Argument>
                  <Exp val="5"/>
                </Argument>
                <Argument>
                  <Exp val="6"/>
                </Argument>
              </Arguments>
            </INARG>
            <OUTARG>
              <Arguments>
                <Argument Variable="1"/>
                <Argument Variable="2"/>
                <Argument Variable="3"/>
                <Argument Variable="4"/>
              </Arguments>
            </OUTARG>
          </SQL_FORM>
          <TaskLogic>
            <LogicUnit id="4" propagate="78">
              <Level val="R"/>
              <Type val="M"/>
              <Scope val="S"/>
              <EngineDirective val="S"/>
              <ShowMessage val="Y"/>
              <Condition val="89"/>
              <Event>
                <EventType val="S"/>
              </Event>
              <Expanded val="1"/>
              <LogicLines>
                <LogicLine>
                  <DATAVIEW_SRC FlowIsn="2" Type="Q">
                    <Condition val="N"/>
                    <Modifier val="B"/>
                    <Direction val="C"/>
                  </DATAVIEW_SRC>
                </LogicLine>
                <LogicLine>
                  <Select FieldID="1" FlowIsn="3" id="1">
                    <Column val="1"/>
                    <Type val="V"/>
                    <ExposedToRoute val="N"/>
                    <IsParameter val="N"/>
                    <DIFF_UPDATE val="T"/>
                    <Condition val="Y"/>
                    <Modifier val="S"/>
                    <Direction val="C"/>
                  </Select>
                </LogicLine>
                <LogicLine>
                  <Select FieldID="2" FlowIsn="4" id="2">
                    <Column val="2"/>
                    <Type val="V"/>
                    <ExposedToRoute val="N"/>
                    <IsParameter val="N"/>
                    <DIFF_UPDATE val="T"/>
                    <Condition val="Y"/>
                    <Modifier val="S"/>
                    <Direction val="C"/>
                  </Select>
                </LogicLine>
                <LogicLine>
                  <Select FieldID="3" FlowIsn="5" id="3">
                    <Column val="3"/>
                    <Type val="V"/>
                    <ExposedToRoute val="N"/>
                    <IsParameter val="N"/>
                    <DIFF_UPDATE val="T"/>
                    <Condition val="Y"/>
                    <Modifier val="S"/>
                    <Direction val="C"/>
                  </Select>
                </LogicLine>
                <LogicLine>
                  <Select FieldID="4" FlowIsn="6" id="4">
                    <Column val="4"/>
                    <Type val="V"/>
                    <ExposedToRoute val="N"/>
                    <IsParameter val="N"/>
                    <DIFF_UPDATE val="T"/>
                    <Condition val="Y"/>
                    <Modifier val="S"/>
                    <Direction val="C"/>
                  </Select>
                </LogicLine>
                <LogicLine>
                  <Select FieldID="5" FlowIsn="7" id="5">
                    <Column val="5"/>
                    <Type val="V"/>
                    <ExposedToRoute val="N"/>
                    <IsParameter val="N"/>
                    <DIFF_UPDATE val="T"/>
                    <Condition val="Y"/>
                    <Modifier val="S"/>
                    <Direction val="C"/>
                  </Select>
                </LogicLine>
                <LogicLine>
                  <Select FieldID="6" FlowIsn="8" id="6">
                    <Column val="6"/>
                    <Type val="V"/>
                    <ExposedToRoute val="N"/>
                    <IsParameter val="N"/>
                    <DIFF_UPDATE val="T"/>
                    <Condition val="Y"/>
                    <Modifier val="S"/>
                    <Direction val="C"/>
                  </Select>
                </LogicLine>
                <LogicLine>
                  <Select FieldID="7" FlowIsn="9" id="7">
                    <Column val="7"/>
                    <Type val="V"/>
                    <ExposedToRoute val="N"/>
                    <IsParameter val="N"/>
                    <DIFF_UPDATE val="T"/>
                    <Condition val="Y"/>
                    <Modifier val="S"/>
                    <Direction val="C"/>
                  </Select>
                </LogicLine>
                <LogicLine>
                  <Select FieldID="8" FlowIsn="10" id="8">
                    <Column val="8"/>
                    <Type val="V"/>
                    <ExposedToRoute val="N"/>
                    <IsParameter val="N"/>
                    <DIFF_UPDATE val="T"/>
                    <Condition val="Y"/>
                    <Modifier val="S"/>
                    <Direction val="C"/>
                  </Select>
                </LogicLine>
              </LogicLines>
            </LogicUnit>
            <LogicUnit id="4" propagate="78">
              <Level val="R"/>
              <Type val="S"/>
              <Scope val="S"/>
              <EngineDirective val="S"/>
              <ShowMessage val="Y"/>
              <Condition val="89"/>
              <Event>
                <EventType val="S"/>
              </Event>
              <Expanded val="1"/>
              <LogicLines>
                <LogicLine>
                  <Remark FlowIsn="11">
                    <Type val="2"/>
                    <Text val="   ***Begin Source Builder   ***"/>
                  </Remark>
                </LogicLine>
                <LogicLine>
                  <Remark FlowIsn="12">
                    <Type val="2"/>
                    <Text val="   ***End Source Builder   ***"/>
                  </Remark>
                </LogicLine>
                <LogicLine>
                  <Remark FlowIsn="13">
                    <Type val="2"/>
                    <Text val=" "/>
                  </Remark>
                </LogicLine>
                <LogicLine>
                  <Remark FlowIsn="14">
                    <Type val="2"/>
                    <Text val=" "/>
                  </Remark>
                </LogicLine>
                <LogicLine>
                  <Remark FlowIsn="15">
                    <Type val="2"/>
                    <Text val=" **** Schema  Destination ****"/>
                  </Remark>
                </LogicLine>
                <LogicLine>
                  <Remark FlowIsn="16">
                    <Type val="2"/>
                    <Text val="   ***Begin Update Destination Vars   ***"/>
                  </Remark>
                </LogicLine>
                <LogicLine>
                  <Update FlowIsn="17">
                    <FieldID val="5"/>
                    <WithValue val="7"/>
                    <Incremental val="N"/>
                    <ForcedUpdate val="Y"/>
                    <Condition val="Y"/>
                    <Modifier val="B"/>
                    <Direction val="C"/>
                  </Update>
                </LogicLine>
                <LogicLine>
                  <Evaluate FlowIsn="18">
                    <Expression val="8"/>
                    <Condition val="Y"/>
                    <Modifier val="B"/>
                    <Direction val="C"/>
                  </Evaluate>
                </LogicLine>
                <LogicLine>
                  <Evaluate FlowIsn="19">
                    <Expression val="9"/>
                    <Condition val="Y"/>
                    <Modifier val="B"/>
                    <Direction val="C"/>
                  </Evaluate>
                </LogicLine>
                <LogicLine>
                  <Remark FlowIsn="20">
                    <Type val="2"/>
                    <Text val=" "/>
                  </Remark>
                </LogicLine>
                <LogicLine>
                  <Update FlowIsn="21">
                    <FieldID val="6"/>
                    <WithValue val="10"/>
                    <Incremental val="N"/>
                    <ForcedUpdate val="Y"/>
                    <Condition val="Y"/>
                    <Modifier val="B"/>
                    <Direction val="C"/>
                  </Update>
                </LogicLine>
                <LogicLine>
                  <Evaluate FlowIsn="22">
                    <Expression val="11"/>
                    <Condition val="Y"/>
                    <Modifier val="B"/>
                    <Direction val="C"/>
                  </Evaluate>
                </LogicLine>
                <LogicLine>
                  <Remark FlowIsn="23">
                    <Type val="2"/>
                    <Text val=" "/>
                  </Remark>
                </LogicLine>
                <LogicLine>
                  <Update FlowIsn="24">
                    <FieldID val="7"/>
                    <WithValue val="12"/>
                    <Incremental val="N"/>
                    <ForcedUpdate val="Y"/>
                    <Condition val="Y"/>
                    <Modifier val="B"/>
                    <Direction val="C"/>
                  </Update>
                </LogicLine>
                <LogicLine>
                  <Evaluate FlowIsn="25">
                    <Expression val="13"/>
                    <Condition val="Y"/>
                    <Modifier val="B"/>
                    <Direction val="C"/>
                  </Evaluate>
                </LogicLine>
                <LogicLine>
                  <Remark FlowIsn="26">
                    <Type val="2"/>
                    <Text val=" "/>
                  </Remark>
                </LogicLine>
                <LogicLine>
                  <Update FlowIsn="27">
                    <FieldID val="8"/>
                    <WithValue val="14"/>
                    <Incremental val="N"/>
                    <ForcedUpdate val="Y"/>
                    <Condition val="Y"/>
                    <Modifier val="B"/>
                    <Direction val="C"/>
                  </Update>
                </LogicLine>
                <LogicLine>
                  <Evaluate FlowIsn="28">
                    <Expression val="15"/>
                    <Condition val="Y"/>
                    <Modifier val="B"/>
                    <Direction val="C"/>
                  </Evaluate>
                </LogicLine>
                <LogicLine>
                  <Remark FlowIsn="29">
                    <Type val="2"/>
                    <Text val=" "/>
                  </Remark>
                </LogicLine>
                <LogicLine>
                  <Remark FlowIsn="30">
                    <Type val="2"/>
                    <Text val="   ***End Update Destination Vars   ***"/>
                  </Remark>
                </LogicLine>
                <LogicLine>
                  <Remark FlowIsn="31">
                    <Type val="2"/>
                    <Text val=" "/>
                  </Remark>
                </LogicLine>
                <LogicLine>
                  <Remark FlowIsn="32">
                    <Type val="2"/>
                    <Text val="***   Begin Destination Builder   ***"/>
                  </Remark>
                </LogicLine>
                <LogicLine>
                  <FormIO FlowIsn="33">
                    <OperationType val="O"/>
                    <Page val="A"/>
                    <IODeviceInfo>
                      <IoDeviceIndex val="1"/>
                    </IODeviceInfo>
                    <FormEntryInfo>
                      <FormEntryIndex val="2"/>
                    </FormEntryInfo>
                    <Condition val="Y"/>
                    <Modifier val="B"/>
                    <Direction val="C"/>
                  </FormIO>
                </LogicLine>
                <LogicLine>
                  <Remark FlowIsn="34">
                    <Type val="2"/>
                    <Text val="***   End Destination Builder   ***"/>
                  </Remark>
                </LogicLine>
                <LogicLine>
                  <Remark FlowIsn="35">
                    <Type val="2"/>
                    <Text val=" "/>
                  </Remark>
                </LogicLine>
              </LogicLines>
            </LogicUnit>
            <LogicUnit id="4" propagate="78">
              <Level val="R"/>
              <Type val="P"/>
              <Scope val="S"/>
              <EngineDirective val="S"/>
              <ShowMessage val="Y"/>
              <Condition val="89"/>
              <Event>
                <EventType val="S"/>
              </Event>
              <Expanded val="1"/>
            </LogicUnit>
            <LogicUnit id="4" propagate="78">
              <Level val="T"/>
              <Type val="P"/>
              <Scope val="S"/>
              <EngineDirective val="S"/>
              <ShowMessage val="Y"/>
              <Condition val="89"/>
              <Event>
                <EventType val="S"/>
              </Event>
              <Expanded val="1"/>
            </LogicUnit>
            <LogicUnit id="4" propagate="78">
              <Level val="T"/>
              <Type val="S"/>
              <Scope val="S"/>
              <EngineDirective val="S"/>
              <ShowMessage val="Y"/>
              <Condition val="89"/>
              <Event>
                <EventType val="S"/>
              </Event>
              <Expanded val="1"/>
            </LogicUnit>
          </TaskLogic>
          <TaskForms>
            <FormEntry _last_test_id="1" id="1">
              <PropertyList model="FORM_GUI0">
                <Width id="23"/>
                <Height id="24"/>
                <_Comment id="218"/>
                <FormName id="311" valUnicode="Empty Program"/>
              </PropertyList>
            </FormEntry>
          </TaskForms>
          <TaskForms>
            <FormEntry CLSS="2" _last_isn="1" _last_test_id="1" id="2">
              <PropertyList model="FORM_TEXT">
                <Width id="23" val="113"/>
                <Height id="24" val="1"/>
                <_Comment id="218"/>
                <FormName id="311" valUnicode="FF_Destination_2"/>
              </PropertyList>
              <Control _test_id="1" id="1">
                <PropertyList model="CTRL_TEXT_EDIT">
                  <Width id="23" val="113"/>
                  <Height id="24" val="1"/>
                  <Data Exp="16" id="43"/>
                  <MultiLineEdit id="71"/>
                  <Format id="82" valUnicode="113"/>
                  <Attribute id="83" val="65"/>
                  <_Orientation id="143"/>
                </PropertyList>
              </Control>
            </FormEntry>
          </TaskForms>
          <Expressions>
            <Expression id="1">
              <ExpSyntax val="GetParam('Error')&lt;>0"/>
              <ExpAttribute val="B"/>
            </Expression>
            <Expression id="2">
              <ExpSyntax val="TranslateNR('SELECT [employee].[empid]')"/>
              <ExpAttribute val="A"/>
            </Expression>
            <Expression id="3">
              <ExpSyntax val="TranslateNR('[employee].[name]')"/>
              <ExpAttribute val="A"/>
            </Expression>
            <Expression id="4">
              <ExpSyntax val="TranslateNR('[employee].[salary]')"/>
              <ExpAttribute val="A"/>
            </Expression>
            <Expression id="5">
              <ExpSyntax val="TranslateNR('[employee].[designation] FROM dbo.[employee]')"/>
              <ExpAttribute val="A"/>
            </Expression>
            <Expression id="6">
              <ExpSyntax val="TranslateNR('  WHERE [employee].[empid]=111')"/>
              <ExpAttribute val="A"/>
            </Expression>
            <Expression id="7">
              <ExpSyntax val="{0,1}"/>
              <ExpAttribute val="N"/>
            </Expression>
            <Expression id="8">
              <ExpSyntax val="SetParam('Dest_FF_2',' ')"/>
              <ExpAttribute val="B"/>
            </Expression>
            <Expression id="9">
              <ExpSyntax val="SetParam('Dest_FF_2',GetParam('Dest_FF_2')&amp;','&amp;Trim(Str({0,5},'12')))"/>
              <ExpAttribute val="B"/>
            </Expression>
            <Expression id="10">
              <ExpSyntax val="{0,2}"/>
              <ExpAttribute val="U"/>
            </Expression>
            <Expression id="11">
              <ExpSyntax val="SetParam('Dest_FF_2',GetParam('Dest_FF_2')&amp;','&amp;RTrim(AStr({0,6},'30')))"/>
              <ExpAttribute val="B"/>
            </Expression>
            <Expression id="12">
              <ExpSyntax val="{0,3}"/>
              <ExpAttribute val="U"/>
            </Expression>
            <Expression id="13">
              <ExpSyntax val="SetParam('Dest_FF_2',GetParam('Dest_FF_2')&amp;','&amp;RTrim(AStr({0,7},'30')))"/>
              <ExpAttribute val="B"/>
            </Expression>
            <Expression id="14">
              <ExpSyntax val="{0,4}"/>
              <ExpAttribute val="U"/>
            </Expression>
            <Expression id="15">
              <ExpSyntax val="SetParam('Dest_FF_2',GetParam('Dest_FF_2')&amp;','&amp;RTrim(AStr({0,8},'30')))"/>
              <ExpAttribute val="B"/>
            </Expression>
            <Expression id="16">
              <ExpSyntax val="Del(GetParam('Dest_FF_2'),1,2)"/>
              <ExpAttribute val="A"/>
            </Expression>
          </Expressions>
        </Task>
      </Task>
    </Programs>
  </ProgramsRepository>

</Application>
