<?xml version="1.0" encoding="UTF-8" standalone="no" ?>
<Application>

  <Header>
    <Version val="14060.00"/>
    <WithIsn val="Y"/>
  </Header>

  <ProgramsRepositoryHeaders>
    <Program>
      <Header Description="Main Program" ISN_2="1" LastIsn="1" id="1">
        <Resident val="N"/>
        <SQL val="N"/>
        <ReturnValue>
          <ReturnValueAttr/>
          <ParametersAttributes/>
        </ReturnValue>
        <SqlWhereExist val="N"/>
        <TaskType val="B"/>
        <External val="N"/>
        <Offline val="N"/>
        <Closeopentasks val="N"/>
        <RunProjectAs val="O"/>
        <FormType val="N"/>
        <DotNetObjectExists val="N"/>
        <LastModified _date="739426" _time="57409" date="24/06/2025" time="15:56:49"/>
      </Header>
      <SourceFileTimeStamp _date="739426" _time="37609" date="24/06/2025" time="10:26:49"/>
    </Program>
    <Program>
      <Header Description="map_1_2_2" ISN_2="1" LastIsn="2" id="2">
        <Public val="map_1_2_2"/>
        <ExecutionRight comp="-1"/>
        <Resident val="N"/>
        <SQL val="N"/>
        <ReturnValue>
          <ReturnValueAttr/>
          <ParametersAttributes/>
        </ReturnValue>
        <SqlWhereExist val="N"/>
        <TaskType val="B"/>
        <External val="Y"/>
        <Offline val="N"/>
        <DotNetObjectExists val="N"/>
        <LastModified _date="739426" _time="57407" date="24/06/2025" time="15:56:47"/>
      </Header>
      <SourceFileTimeStamp _date="739426" _time="37614" date="24/06/2025" time="10:26:54"/>
    </Program>
  </ProgramsRepositoryHeaders>

</Application>
